{"cameraMode":{"drawMode":0,"name":"Shaded","section":"Shading Mode"},"sceneLighting":true,"audioPlay":false,"sceneViewState":{"m_AlwaysRefresh":false,"showFog":true,"showSkybox":true,"showFlares":true,"showImageEffects":true,"showParticleSystems":true,"showVisualEffectGraphs":true,"m_FxEnabled":true},"in2DMode":false,"pivot":{"x":-11.212064743041993,"y":-0.44681835174560549,"z":-0.5837812423706055},"rotation":{"x":0.005635392852127552,"y":0.9817514419555664,"z":-0.18779239058494569,"w":0.02946147695183754},"size":8.435229301452637,"orthographic":false}